{
	"serverURL" : "http://10.96.13.9",
	"basicAuthorization" : "Basic UE9TVE1BTkFQUDpyc2pJTkRMRE9FTkZKNjY4M0hETFdJQ0pTUA==",
	"logonBody": "grant_type=password&username=sasdemo&password=Orion123",
	"underwritinguseracquisition_fixed" : "/microanalyticScore/modules/abc_flx_fixed_v1/steps/execute",
	"underwritinguseracquisition_flexi" : "/microanalyticScore/modules/abc_flx_flexi_v1/steps/execute",
	"addOn" : "/microanalyticScore/modules/abc_flx_addon/steps/execute",
	"xsell" : "/microanalyticScore/modules/abc_flx_xsell_py/steps/execute"
}